first,UID,timestamp,sequence,S.Date,Category,Teacher,name,phone,Adress,Age,image,birth certificate,link image,link certificate,password,Paid way,Paid,reset,Notes,second,test 9,Quran9,azkar9,nour albian9,math9,english9,test 10,Quran10,azkar10,nour albian10,math10,english10,test 11,Quran11,azkar11,nour albian11,math11,english11,test 12,Quran12,azkar12,nour albian12,math12,english12,test 2,Quran2,azkar2,nour albian2,math2,english2,test 3,Quran3,azkar3,nour albian3,math3,english3,test 4,Quran4,azkar4,nour albian4,math4,english4,test 5,Quran5,azkar5,nour albian5,math5,english5
,,,,,,,,,,,,,,,,,,,,,,,,,,,,,,,,,,,,,,,,,,,,,,,,,,,,,,,,,,,,,,,,,,,,
,,,,,,,,,,,,,,,,,,,,,,,,,,,,,,,,,,,,,,,,,,,,,,,,,,,,,,,,,,,,,,,,,,,,
,,,,,,,,,,,,,,,,,,,,,,,,,,,,,,,,,,,,,,,,,,,,,,,,,,,,,,,,,,,,,,,,,,,,
,,,,,,,,,,,,,,,,,,,,,,,,,,,,,,,,,,,,,,,,,,,,,,,,,,,,,,,,,,,,,,,,,,,,
,,,,,,,,,,,,,,,,,,,,,,,,,,,,,,,,,,,,,,,,,,,,,,,,,,,,,,,,,,,,,,,,,,,,
,1ec86d83,Sun Jul 09 2023 11:48:32 GMT-0400 (Eastern Daylight Time),1102,Sat Jul 08 2023 17:00:00 GMT-0400 (Eastern Daylight Time),KG1,اسماء,محمد أحمد محمود علي,01009587565,المنشأة الكبرى كفر شكر قليوبية,4,,,,,RQ1102,,,,,,,20,10,30,50,40,,,,,,,,,,,,,,,,,,,,,,,,,,,,,,,,,,,,,,,,,,
,,,,,,,,,,,,,,,,,,,,,,,,,,,,,,,,,,,,,,,,,,,,,,,,,,,,,,,,,,,,,,,,,,,,
,,,,,,,,,,,,,,,,,,,,,,,,,,,,,,,,,,,,,,,,,,,,,,,,,,,,,,,,,,,,,,,,,,,,
,,,,,,,,,,,,,,,,,,,,,,,,,,,,,,,,,,,,,,,,,,,,,,,,,,,,,,,,,,,,,,,,,,,,
,,,,,,,,,,,,,,,,,,,,,,,,,,,,,,,,,,,,,,,,,,,,,,,,,,,,,,,,,,,,,,,,,,,,
,0773cb71,Sat Jul 15 2023 06:37:02 GMT-0400 (Eastern Daylight Time),1187,Fri Jul 14 2023 17:00:00 GMT-0400 (Eastern Daylight Time),,,على حسن نور,01009284438,المنشأة الكبري,4,,,,,RQ1187,,0,0,,,,0,0,0,0,0,,0,0,0,0,0,,0,0,0,0,0,,0,0,0,0,0,,0,0,0,0,0,,0,0,0,0,0,,0,0,0,0,0,,0,0,0,0,0