جمعية رياض القرآن,CellImage
للتواصل,0132545455
الرقم السري,الرجاء كتابة الرقم السري الصحيح
تاريخ  الدخول,
الاسم,
المستوي,
السن,
المدفوع,
المتبقي,
ملحوظات,
اختبار شهر 9,
القرآن,
الأذكار والأحاديث,
نور البيان,
الحساب,
الانجليزي,
اختبار شهر 10,
القرآن,
الأذكار والأحاديث,
نور البيان,
الحساب,
الانجليزي,
اختبار شهر 11,
القرآن,
الأذكار والأحاديث,
نور البيان,
الحساب,
الانجليزي,
اختبار شهر 12,
القرآن,
الأذكار والأحاديث,
نور البيان,
الحساب,
الانجليزي,
اختبار شهر 2,
القرآن,
الأذكار والأحاديث,
نور البيان,
الحساب,
الانجليزي,
اختبار شهر 3,
القرآن,
الأذكار والأحاديث,
نور البيان,
الحساب,
الانجليزي,
اختبار شهر 4,
القرآن,
الأذكار والأحاديث,
نور البيان,
الحساب,
الانجليزي,
اختبار شهر 5,
القرآن,
الأذكار والأحاديث,
نور البيان,
الحساب,
الانجليزي,